ID,Platform,Account Handle,Job Title,Company (as advertised),Work Mode,Shifts Listed,Salary Range (INR/month),Requirements Listed,Target Audience,Contact Channel,Red Flags Identified,Red Flag Count,Brand Impersonation?,Label,Notes,Date Collected,Source File
1,LinkedIn (Kaggle dataset),Dollar Tree Stores,OPERATIONS ASSISTANT MANAGER,Dollar Tree Stores,Full-time,N/A,Not specified,"Store Dollar Tree

Work where you love to shop! Dollar Tree is hiring in your neighborhood. Avoid long commutes and set your own course to success by applying today.

We offer generous benefits, flexi",General applicants,LinkedIn application portal,None,0,No,Real,"Sourced from Kaggle LinkedIn Job Postings dataset (arshkon, 2023-2024)",2026-09-23,kaggle_linkedin_job_postings.csv
2,LinkedIn (Kaggle dataset),Intermountain Health,Medical Assistant,Intermountain Health,Part-time,N/A,18.83 - 26.81,"Job Description:

A Medical assistant has accountability for providing care to patients in an ambulatory clinic setting. This will involve caring for patients with acute and chronic needs

Are you int",General applicants,LinkedIn application portal,None,0,No,Real,"Sourced from Kaggle LinkedIn Job Postings dataset (arshkon, 2023-2024)",2026-09-23,kaggle_linkedin_job_postings.csv
3,LinkedIn (Kaggle dataset),Creative Artists Agency,Motion Picture Production - Assistant,Creative Artists Agency,Full-time,N/A,Not specified,"Creative Artists Agency (CAA) is the leading entertainment and sports agency, with global expertise in filmed and live entertainment, digital media, publishing, sponsorship sales and endorsements, med",General applicants,LinkedIn application portal,None,0,No,Real,"Sourced from Kaggle LinkedIn Job Postings dataset (arshkon, 2023-2024)",2026-09-23,kaggle_linkedin_job_postings.csv
4,LinkedIn (Kaggle dataset),Liberty Healthcare and Rehabilitation Services,CERTIFIED NURSING ASSISTANT - OAK FOREST HEALTH & REHAB CENTER,Liberty Healthcare and Rehabilitation Services,Part-time,N/A,Not specified,"Liberty Cares

With Compassion

At Liberty Healthcare and Rehabilitation Services, we promote a challenging, but rewarding opportunity in a caring environment. 

We are currently seeking an experience",General applicants,LinkedIn application portal,None,0,No,Real,"Sourced from Kaggle LinkedIn Job Postings dataset (arshkon, 2023-2024)",2026-09-23,kaggle_linkedin_job_postings.csv
5,LinkedIn (Kaggle dataset),Life Care Centers of America,Certified Occupational Therapist Assistant (COTA),Life Care Centers of America,Part-time,N/A,Not specified,"Position Details

Employment Status: Part-TimeSalary: 30.00 HourlyShift: DayStatus: PRN

Position Summary

The COTA Certified Occupational Therapist Assistant provides direct rehab care in occupationa",General applicants,LinkedIn application portal,None,0,No,Real,"Sourced from Kaggle LinkedIn Job Postings dataset (arshkon, 2023-2024)",2026-09-23,kaggle_linkedin_job_postings.csv
6,LinkedIn (Kaggle dataset),Ford's Theatre Society,Executive Assistant,Ford's Theatre Society,Full-time,N/A,65000.0 - 70000.0,"Ford’s Theatre Society is hiring an Executive Assistant to the Director of Ford’s Theatre Society. The position is full-time and based in Washington, DC.  Ford’s Theatre Society values and is committe",General applicants,LinkedIn application portal,None,0,No,Real,"Sourced from Kaggle LinkedIn Job Postings dataset (arshkon, 2023-2024)",2026-09-23,kaggle_linkedin_job_postings.csv
7,LinkedIn (Kaggle dataset),AMN Healthcare,Cardiothoracic Surgery Physician Assistant ,AMN Healthcare,Full-time,N/A,Not specified,"A locum tenens position is available for a Cardiothoracic Surgery Nurse Practitioner or Physician Assistant in Oregon! 
The provider must have experience in Epicardial Wires, Chest Tubes, and Vein Har",General applicants,LinkedIn application portal,None,0,No,Real,"Sourced from Kaggle LinkedIn Job Postings dataset (arshkon, 2023-2024)",2026-09-23,kaggle_linkedin_job_postings.csv
8,LinkedIn (Kaggle dataset),"Chico's FAS, Inc.",Assistant Store Manager - Chico's,"Chico's FAS, Inc.",Full-time,N/A,Not specified,"Join our chic team, dedicated to a styling and social experience that inspires women to express their individuality.

Position Objective

The Assistant Store Manager is responsible for supporting the ",General applicants,LinkedIn application portal,None,0,No,Real,"Sourced from Kaggle LinkedIn Job Postings dataset (arshkon, 2023-2024)",2026-09-23,kaggle_linkedin_job_postings.csv
9,LinkedIn (Kaggle dataset),Dollar Tree Stores,OPERATIONS ASSISTANT MANAGER,Dollar Tree Stores,Full-time,N/A,Not specified,"Store Dollar Tree

Work where you love to shop! Dollar Tree is hiring in your neighborhood. Avoid long commutes and set your own course to success by applying today.

We offer generous benefits, flexi",General applicants,LinkedIn application portal,None,0,No,Real,"Sourced from Kaggle LinkedIn Job Postings dataset (arshkon, 2023-2024)",2026-09-23,kaggle_linkedin_job_postings.csv
10,LinkedIn (Kaggle dataset),Life Care Centers of America,Licensed Physical Therapist Assistant,Life Care Centers of America,Part-time,N/A,Not specified,"Position Details

Salary: 29.00 - 32.00 HourlyShift: DayStatus: PRN

 We have Excellent Benefits Health, Vision ,Dental and PTO. 

All part-time and full-time associates will earn PTO from their date ",General applicants,LinkedIn application portal,None,0,No,Real,"Sourced from Kaggle LinkedIn Job Postings dataset (arshkon, 2023-2024)",2026-09-23,kaggle_linkedin_job_postings.csv
11,LinkedIn (Kaggle dataset),10 Fitness,Assistant Manager,10 Fitness,Full-time,N/A,Not specified,"The Assistant Managers of 10 Fitness are expected to uphold and deliver the 10 Fitness member experience via being honest and committed individuals who are moldable, patient, and resilient. They shoul",General applicants,LinkedIn application portal,None,0,No,Real,"Sourced from Kaggle LinkedIn Job Postings dataset (arshkon, 2023-2024)",2026-09-23,kaggle_linkedin_job_postings.csv
12,LinkedIn (Kaggle dataset),Eurofins PSS Insourcing Solutions,Field Engineer (Travel/Remote),Eurofins PSS Insourcing Solutions,Full-time,N/A,Not specified,"Company Description

Eurofins Scientific is an international life sciences company, providing a unique range of analytical testing services to clients across multiple industries, to make life and our ",General applicants,LinkedIn application portal,None,0,No,Real,"Sourced from Kaggle LinkedIn Job Postings dataset (arshkon, 2023-2024)",2026-09-23,kaggle_linkedin_job_postings.csv
13,LinkedIn (Kaggle dataset),Advantis Global is becoming INSPYR Solutions,Research Assistant,Advantis Global is becoming INSPYR Solutions,Contract,N/A,Not specified,"About This Featured Opportunity

The XXX Research Team brings together a world-class team of researchers, developers, and engineers to create the future of virtual and augmented reality, which togethe",General applicants,LinkedIn application portal,None,0,No,Real,"Sourced from Kaggle LinkedIn Job Postings dataset (arshkon, 2023-2024)",2026-09-23,kaggle_linkedin_job_postings.csv
14,LinkedIn (Kaggle dataset),Carters Inc.,Sales Manager (Part Time) - 24H210,Carters Inc.,Part-time,N/A,Not specified,"QUESTIONNAIRE-3-52

1321

Employee Type

Regular

If you are a CURRENT Carter’s employee, you MUST apply through the Internal Career Link within the My Career & Performance app in Workday. Do not appl",General applicants,LinkedIn application portal,None,0,No,Real,"Sourced from Kaggle LinkedIn Job Postings dataset (arshkon, 2023-2024)",2026-09-23,kaggle_linkedin_job_postings.csv
15,LinkedIn (Kaggle dataset),"Lowe's Companies, Inc.",Retail Sales – Part Time,"Lowe's Companies, Inc.",Part-time,N/A,Not specified,"We are happy you have taken time out of your day to check out this Retail Sales Associate opportunity with Lowe's. Do any of the following statements match your current goals?

I'm at least 18 years o",General applicants,LinkedIn application portal,None,0,No,Real,"Sourced from Kaggle LinkedIn Job Postings dataset (arshkon, 2023-2024)",2026-09-23,kaggle_linkedin_job_postings.csv
16,LinkedIn (Kaggle dataset),DXC Technology,Remote Insurance Call Center Support,DXC Technology,Full-time,N/A,31800.0 - 52000.0,"Job Description

DXC Technology (NYSE: DXC) helps global companies run their mission critical systems and operations while modernizing IT, optimizing data architectures, and ensuring security and scal",General applicants,LinkedIn application portal,None,0,No,Real,"Sourced from Kaggle LinkedIn Job Postings dataset (arshkon, 2023-2024)",2026-09-23,kaggle_linkedin_job_postings.csv
17,LinkedIn (Kaggle dataset),Goodwill of Central and Northern Arizona,Legal Compliance Assistant,Goodwill of Central and Northern Arizona,Full-time,N/A,Not specified,"2626 W Beryl Ave Phoenix Arizona, 85021,

Position Description:

Provides senior level administrative support directly to the EVP, Chief Administrative Officer (CAO) and Chief Legal Officer (CLO), as ",General applicants,LinkedIn application portal,None,0,No,Real,"Sourced from Kaggle LinkedIn Job Postings dataset (arshkon, 2023-2024)",2026-09-23,kaggle_linkedin_job_postings.csv
18,LinkedIn (Kaggle dataset),Liberty Healthcare and Rehabilitation Services,CERTIFIED NURSING ASSISTANT - WOODLANDS NURSING AND REHABILITATION CENTER,Liberty Healthcare and Rehabilitation Services,Full-time,N/A,Not specified,"
Liberty Cares
With Compassion
At Liberty Healthcare and Rehabilitation Services, we promote a challenging, but rewarding opportunity in a caring environment. 
We are currently seeking an experienced:",General applicants,LinkedIn application portal,None,0,No,Real,"Sourced from Kaggle LinkedIn Job Postings dataset (arshkon, 2023-2024)",2026-09-23,kaggle_linkedin_job_postings.csv
19,LinkedIn (Kaggle dataset),Dollar Tree Stores,OPERATIONS ASSISTANT MANAGER,Dollar Tree Stores,Full-time,N/A,Not specified,"Store Dollar Tree

Work where you love to shop! Dollar Tree is hiring in your neighborhood. Avoid long commutes and set your own course to success by applying today.

We offer generous benefits, flexi",General applicants,LinkedIn application portal,None,0,No,Real,"Sourced from Kaggle LinkedIn Job Postings dataset (arshkon, 2023-2024)",2026-09-23,kaggle_linkedin_job_postings.csv
20,LinkedIn (Kaggle dataset),Optima Bio Supply Ltd,DATA ENTRY,Optima Bio Supply Ltd,Full-time,N/A,Not specified,Company Overview: Optima Bio Supply Ltd is a forward-thinking and innovative company seeking a motivated and detail-oriented individual to join our team as a Remote Data Entry Clerk. If you thrive in ,General applicants,LinkedIn application portal,None,0,No,Real,"Sourced from Kaggle LinkedIn Job Postings dataset (arshkon, 2023-2024)",2026-09-23,kaggle_linkedin_job_postings.csv
21,LinkedIn (Kaggle dataset),Oakland Heritage Alliance,Administrative Assistant/Engagement Coordinator,Oakland Heritage Alliance,Part-time,N/A,Not specified,"Oakland Heritage Alliance (OHA) is a non-profit membership organization with over 400 members and 40+ years of advocacy for the protection, preservation, and revitalization of Oakland’s architectural,",General applicants,LinkedIn application portal,None,0,No,Real,"Sourced from Kaggle LinkedIn Job Postings dataset (arshkon, 2023-2024)",2026-09-23,kaggle_linkedin_job_postings.csv
22,LinkedIn (Kaggle dataset),Endeavor Health,Administrative Assistant III,Endeavor Health,Full-time,N/A,Not specified,"Position Highlights

Position: Administrative Assistant IIILocation: Primarily at Evanston Hospital, light travel to other hospitals for meetings/eventsFull Time/Part Time: Full TimeHours: 8:00am – 4:",General applicants,LinkedIn application portal,None,0,No,Real,"Sourced from Kaggle LinkedIn Job Postings dataset (arshkon, 2023-2024)",2026-09-23,kaggle_linkedin_job_postings.csv
23,LinkedIn (Kaggle dataset),SalesLight,Ghostwriter (Remote),SalesLight,Part-time,N/A,Not specified,"SalesLight, based in Seattle, stands as a beacon for sales teams and individuals aspiring to illuminate their sales potential. Through our personalized mentorship and innovative coaching programs, we ",General applicants,LinkedIn application portal,None,0,No,Real,"Sourced from Kaggle LinkedIn Job Postings dataset (arshkon, 2023-2024)",2026-09-23,kaggle_linkedin_job_postings.csv
24,LinkedIn (Kaggle dataset),Judge Consulting Group,Executive Assistant,Judge Consulting Group,Full-time,N/A,Not specified,The ideal candidate will provide top-level assistance for high level executives. They should be well-organized and be comfortable scheduling meetings and responding to emails on the executive's behalf,General applicants,LinkedIn application portal,None,0,No,Real,"Sourced from Kaggle LinkedIn Job Postings dataset (arshkon, 2023-2024)",2026-09-23,kaggle_linkedin_job_postings.csv
25,LinkedIn (Kaggle dataset),Benevis,Dental Assistant - Part Time,Benevis,Part-time,N/A,14.0 - 20.0,"Overview

Dental Assistant - Part Time - Sunnybrook Dentistry and Braces Hattiesburg, MS

Work for a company that is truly making the world a happier place, one smile at a time! At Benevis, we create ",General applicants,LinkedIn application portal,None,0,No,Real,"Sourced from Kaggle LinkedIn Job Postings dataset (arshkon, 2023-2024)",2026-09-23,kaggle_linkedin_job_postings.csv
26,LinkedIn (Kaggle dataset),Manticore Games Inc.,Senior/Principal Software Engineer - Gameplay (Remote),Manticore Games Inc.,Full-time,N/A,Not specified,"Manticore Games® is building a new immersive, open world sandbox life-simulation Massively Multiplayer Online (MMO) game leveraging the power of its UGC platform, Core. Manticore launched the Core pla",General applicants,LinkedIn application portal,None,0,No,Real,"Sourced from Kaggle LinkedIn Job Postings dataset (arshkon, 2023-2024)",2026-09-23,kaggle_linkedin_job_postings.csv
27,LinkedIn (Kaggle dataset),N/A,"Executive assistant, flex time offsite/local",N/A,Part-time,N/A,Not specified,"Our office exudes a focused, collaborative energy where rapport and experience drive results. We operate in a professional yet welcoming environment: at the hub of diverse teams of specialists working",General applicants,LinkedIn application portal,None,0,No,Real,"Sourced from Kaggle LinkedIn Job Postings dataset (arshkon, 2023-2024)",2026-09-23,kaggle_linkedin_job_postings.csv
28,LinkedIn (Kaggle dataset),HCA Healthcare,Patient Support Service Representative Part Time,HCA Healthcare,Part-time,N/A,Not specified,"Description

Introduction

Do you want to join an organization that invests in you as a Patient Support Service Representative Part Time? At Lakeview Hospital, you come first. HCA Healthcare has commi",General applicants,LinkedIn application portal,None,0,No,Real,"Sourced from Kaggle LinkedIn Job Postings dataset (arshkon, 2023-2024)",2026-09-23,kaggle_linkedin_job_postings.csv
29,LinkedIn (Kaggle dataset),Famous Footwear,Part-Time Assistant Manager - Famous Footwear,Famous Footwear,Part-time,N/A,Not specified,"Overview

At Famous Footwear, we believe everyone deserves to feel a little famous. To us, famous isn’t about standing out in the crowd. It’s about feeling good where you stand right now. Famous Footw",General applicants,LinkedIn application portal,None,0,No,Real,"Sourced from Kaggle LinkedIn Job Postings dataset (arshkon, 2023-2024)",2026-09-23,kaggle_linkedin_job_postings.csv
30,LinkedIn (Kaggle dataset),Ascot Group,"Underwriting Assistant, Captive Solutions",Ascot Group,Full-time,N/A,70000.0 - 85000.0,"Job Description

This is an opportunity to join Ascot Group - one of the world’s preeminent specialty risk underwriting organizations.

Designed as a modern-era company operating through an ecosystem ",General applicants,LinkedIn application portal,None,0,No,Real,"Sourced from Kaggle LinkedIn Job Postings dataset (arshkon, 2023-2024)",2026-09-23,kaggle_linkedin_job_postings.csv
31,LinkedIn (Kaggle dataset),La Petite Academy,VPK Assistant Teacher,La Petite Academy,Full-time,N/A,Not specified,"Join a strong community where all we do is care-for the children and families we serve every day, as well as for our dedicated team members. Our people are our best asset. We listen and we know what y",General applicants,LinkedIn application portal,None,0,No,Real,"Sourced from Kaggle LinkedIn Job Postings dataset (arshkon, 2023-2024)",2026-09-23,kaggle_linkedin_job_postings.csv
32,LinkedIn (Kaggle dataset),Texas Health Resources,"Certified Medical Assistant – Family Care - Full Time, Days",Texas Health Resources,Full-time,N/A,Not specified,"24001754

Certified Medical Assistant (CMA) – Family Care

Fast-paced, high-volume clinic looking for a top skilled Certified Medical Assistant

Good work life balance

Here’s What You Need

High Scho",General applicants,LinkedIn application portal,None,0,No,Real,"Sourced from Kaggle LinkedIn Job Postings dataset (arshkon, 2023-2024)",2026-09-23,kaggle_linkedin_job_postings.csv
33,LinkedIn (Kaggle dataset),The Job Network,Director of Sales Operations (San Francisco or Remote US),The Job Network,Full-time,N/A,Not specified,PayZen is on a mission to bring financial health to healthcare. Our products improve both access and affordability for patients and cash flow & administrative complexity for medical providers. We are ,General applicants,LinkedIn application portal,None,0,No,Real,"Sourced from Kaggle LinkedIn Job Postings dataset (arshkon, 2023-2024)",2026-09-23,kaggle_linkedin_job_postings.csv
34,LinkedIn (Kaggle dataset),Shady Grove Fertility,Medical Assistant/Phlebotomist,Shady Grove Fertility,Full-time,N/A,Not specified,"Enjoy what you do while contributing to a company that makes a difference in people’s lives. Shady Grove Fertility, one of the premier fertility centers in the United States, continually seeks experie",General applicants,LinkedIn application portal,None,0,No,Real,"Sourced from Kaggle LinkedIn Job Postings dataset (arshkon, 2023-2024)",2026-09-23,kaggle_linkedin_job_postings.csv
35,LinkedIn (Kaggle dataset),IHG Hotels & Resorts,Part Time - Front Desk Agent - ZYAPB,IHG Hotels & Resorts,Part-time,N/A,Not specified,"The moment a guest steps into one of our hotels, they walk into a genuinely memorable experience. As a Front Desk Agent, you’ll not only be the person they rely on to handle transactions, offer local ",General applicants,LinkedIn application portal,None,0,No,Real,"Sourced from Kaggle LinkedIn Job Postings dataset (arshkon, 2023-2024)",2026-09-23,kaggle_linkedin_job_postings.csv
36,LinkedIn (Kaggle dataset),Spirit Halloween,Assistant Store Manager - Spirit,Spirit Halloween,Temporary,N/A,Not specified,"Job Description

Hourly rate ranges from $17.19 - $17.89 per hour and is dependent upon qualifications and experience.

Brand - Spirit Halloween

The Assistant Store Manager supports the Store Manager",General applicants,LinkedIn application portal,None,0,No,Real,"Sourced from Kaggle LinkedIn Job Postings dataset (arshkon, 2023-2024)",2026-09-23,kaggle_linkedin_job_postings.csv
37,LinkedIn (Kaggle dataset),"Cafua Management Company, a Dunkin Franchisee ",Assistant Manager,"Cafua Management Company, a Dunkin Franchisee ",Full-time,N/A,Not specified,The Assistant Restaurant Manager supports the Restaurant Manager in their efforts to develop a team of dedicated people delivering great and friendly guest experiences and profitable top line sales. T,General applicants,LinkedIn application portal,None,0,No,Real,"Sourced from Kaggle LinkedIn Job Postings dataset (arshkon, 2023-2024)",2026-09-23,kaggle_linkedin_job_postings.csv
38,LinkedIn (Kaggle dataset),Allstate,"Property Adjuster - Field Estimating - Elyria, OH (Remote)",Allstate,Full-time,N/A,Not specified,"The world isn’t standing still, and neither is Allstate. We’re moving quickly, looking across our businesses and brands and taking bold steps to better serve customers’ evolving needs. That’s why now ",General applicants,LinkedIn application portal,None,0,No,Real,"Sourced from Kaggle LinkedIn Job Postings dataset (arshkon, 2023-2024)",2026-09-23,kaggle_linkedin_job_postings.csv
39,LinkedIn (Kaggle dataset),American Red Cross,HR Shared Services Administrative Assistant,American Red Cross,Full-time,N/A,19.0 - 22.0,"Please use Google Chrome or Mozilla Firefox when accessing Candidate Home.

By joining the American Red Cross you will touch millions of lives every year and experience the greatness of the human spir",General applicants,LinkedIn application portal,None,0,No,Real,"Sourced from Kaggle LinkedIn Job Postings dataset (arshkon, 2023-2024)",2026-09-23,kaggle_linkedin_job_postings.csv
40,LinkedIn (Kaggle dataset),Capital One,"Senior Manager, Generative AI Product Engineering - People Leader - (Remote Eligible)",Capital One,Full-time,N/A,Not specified,"Center 3 (19075), United States of America, McLean, VirginiaSenior Manager, Generative AI Product Engineering - People Leader - (Remote Eligible)

Our mission at Capital One is to create trustworthy, ",General applicants,LinkedIn application portal,None,0,No,Real,"Sourced from Kaggle LinkedIn Job Postings dataset (arshkon, 2023-2024)",2026-09-23,kaggle_linkedin_job_postings.csv
41,LinkedIn (Kaggle dataset),SCOUT Solutions,Senior .NET Developer (100% Remote),SCOUT Solutions,Full-time,N/A,Not specified,"Senior .NET Developer
 Location:  Remote, US - Eligible hybrid and remote candidates must reside in one of the following states DC, FL, ID, IN, MD, MI, MN, NC, NJ, OH, PA, SC, TN, TX, VA, WV, IL, and ",General applicants,LinkedIn application portal,None,0,No,Real,"Sourced from Kaggle LinkedIn Job Postings dataset (arshkon, 2023-2024)",2026-09-23,kaggle_linkedin_job_postings.csv
42,LinkedIn (Kaggle dataset),Vaco,Assistant Underwriter,Vaco,Full-time,N/A,28.0 - 30.0,"Client: Well-Known Insurance Organization
 Role: Assistant Underwriter (Temporary to Permanent)
 Pay Rate: $28/hr-$30/hr

Location: Downtown, Manhattan - *Onsite 5 days a week*
 Hours: 8:00am - 4:00pm",General applicants,LinkedIn application portal,None,0,No,Real,"Sourced from Kaggle LinkedIn Job Postings dataset (arshkon, 2023-2024)",2026-09-23,kaggle_linkedin_job_postings.csv
43,LinkedIn (Kaggle dataset),Talentify.io,Remote Call Center Sales Agent,Talentify.io,Full-time,N/A,Not specified,"Industry: Insurance Company

Why Consider This Job Opportunity

 Competitive hourly pay rate Eligibility for weekly, monthly, and quarterly incentive pay Pay for continuing education and paid training",General applicants,LinkedIn application portal,None,0,No,Real,"Sourced from Kaggle LinkedIn Job Postings dataset (arshkon, 2023-2024)",2026-09-23,kaggle_linkedin_job_postings.csv
44,LinkedIn (Kaggle dataset),NeuroPsychiatric Hospitals,Corporate Accountant Assistant,NeuroPsychiatric Hospitals,Full-time,N/A,Not specified,"Corporate Accountant Assistant (AP/AR) | NeuroPsychiatric Hospitals | South Bend, IN

HEALING THE BODY AND MIND Founded fifteen (15) years ago, Neuropsychiatric Hospitals is the largest hospital syste",General applicants,LinkedIn application portal,None,0,No,Real,"Sourced from Kaggle LinkedIn Job Postings dataset (arshkon, 2023-2024)",2026-09-23,kaggle_linkedin_job_postings.csv
45,LinkedIn (Kaggle dataset),University of Michigan Health-West,MA - Medical Assistant - Wayland * Days - 40hrs/wk,University of Michigan Health-West,Full-time,N/A,Not specified,"Requisition #: req7737

Shift: Days

FTE status: 1

On-call: No

Weekends: No

General Summary

Under the direction of the Office Manager, the Medical Assistant performs administrative and clinical du",General applicants,LinkedIn application portal,None,0,No,Real,"Sourced from Kaggle LinkedIn Job Postings dataset (arshkon, 2023-2024)",2026-09-23,kaggle_linkedin_job_postings.csv
46,LinkedIn (Kaggle dataset),Belk,Store Fulfillment Associate - Part Time,Belk,Part-time,N/A,Not specified,The Store Fulfillment Associate is responsible for processing customer orders in a timely and accurate manner. The Store Fulfillment Associate plays a key role in executing our “Relentless Customer Ca,General applicants,LinkedIn application portal,None,0,No,Real,"Sourced from Kaggle LinkedIn Job Postings dataset (arshkon, 2023-2024)",2026-09-23,kaggle_linkedin_job_postings.csv
47,LinkedIn (Kaggle dataset),Elevate Digital,Microsoft Consulting Part-time Project Manager--REMOTE! ,Elevate Digital,Contract,N/A,55.0 - 60.0,"This is a PART-TIME position to start--20 hours per weekNO third party Vendors for C2C available!!
TOP SKILLS:Proven experience managing projects related to Microsoft technology solutions.Project Mana",General applicants,LinkedIn application portal,None,0,No,Real,"Sourced from Kaggle LinkedIn Job Postings dataset (arshkon, 2023-2024)",2026-09-23,kaggle_linkedin_job_postings.csv
48,LinkedIn (Kaggle dataset),WellSpan Health,Nursing Assistant - Same Day Surgery,WellSpan Health,Full-time,N/A,Not specified,"Job Description

General Summary

Provides clinical support services to patient care staff by performing a variety of duties related to patient care. Takes patient vital signs, assists patients with a",General applicants,LinkedIn application portal,None,0,No,Real,"Sourced from Kaggle LinkedIn Job Postings dataset (arshkon, 2023-2024)",2026-09-23,kaggle_linkedin_job_postings.csv
49,LinkedIn (Kaggle dataset),Family Dollar,ASSISTANT STORE MANAGER,Family Dollar,Full-time,N/A,Not specified,"Store Family Dollar

General Summary:

Work where you love to shop! Family Dollar is hiring in your neighborhood. Avoid long commutes and set your own course to success by applying today.

We offer ge",General applicants,LinkedIn application portal,None,0,No,Real,"Sourced from Kaggle LinkedIn Job Postings dataset (arshkon, 2023-2024)",2026-09-23,kaggle_linkedin_job_postings.csv
50,LinkedIn (Kaggle dataset),McLeod Health,Physician Assistant/Family Medicine Marion,McLeod Health,Full-time,N/A,Not specified,"Job Description

McLeod Family Medicine Marion is seeking a Physician Assistant!

Qualifications/Training:

Minimum of a master’s degree of science in Physician Assistant studies required.


Licenses/",General applicants,LinkedIn application portal,None,0,No,Real,"Sourced from Kaggle LinkedIn Job Postings dataset (arshkon, 2023-2024)",2026-09-23,kaggle_linkedin_job_postings.csv
51,LinkedIn (Kaggle dataset),Clark County School District,Assistant Principal - Keller MS,Clark County School District,Full-time,N/A,Not specified,"The following school-based administrative vacancy is available to Assistant Principals transferring laterally, and those notified of their acceptance into the Aspiring School Administrative Pool.

Dua",General applicants,LinkedIn application portal,None,0,No,Real,"Sourced from Kaggle LinkedIn Job Postings dataset (arshkon, 2023-2024)",2026-09-23,kaggle_linkedin_job_postings.csv
52,LinkedIn (Kaggle dataset),American Cancer Society,Sr. Compensation Analyst - Remote,American Cancer Society,Full-time,N/A,61000.0 - 90000.0,"At the American Cancer Society, we're leading the fight for a world without cancer. Our employees and 1.5 million volunteers are raising the bar every single day. We actively seek candidates from dive",General applicants,LinkedIn application portal,None,0,No,Real,"Sourced from Kaggle LinkedIn Job Postings dataset (arshkon, 2023-2024)",2026-09-23,kaggle_linkedin_job_postings.csv
53,LinkedIn (Kaggle dataset),Hibbett,Assistant Manager,Hibbett,Full-time,N/A,Not specified,"00387 Birmingham, AL

LE_301 Hibbett Retail, Inc.

Job Title: Assistant Manager

Department: Operations

FLSA Status: Non-Exempt

Reports To: Store Manager

Summary

The Assistant Manager is responsib",General applicants,LinkedIn application portal,None,0,No,Real,"Sourced from Kaggle LinkedIn Job Postings dataset (arshkon, 2023-2024)",2026-09-23,kaggle_linkedin_job_postings.csv
54,LinkedIn (Kaggle dataset),NYC Health + Hospitals,"Desktop Support Technician (Assistant Systems Analyst (EDP)), Enterprise Infrastructure",NYC Health + Hospitals,Full-time,N/A,Not specified,"About NYC Health + Hospitals 

Empower Every New Yorker — Without Exception — to Live the Healthiest Life Possible

NYC Health + Hospitals is the largest public health care system in the United States",General applicants,LinkedIn application portal,None,0,No,Real,"Sourced from Kaggle LinkedIn Job Postings dataset (arshkon, 2023-2024)",2026-09-23,kaggle_linkedin_job_postings.csv
55,LinkedIn (Kaggle dataset),Family Dollar,ASSISTANT STORE MANAGER,Family Dollar,Full-time,N/A,Not specified,"Store Family Dollar

General Summary:

Work where you love to shop! Family Dollar is hiring in your neighborhood. Avoid long commutes and set your own course to success by applying today.

We offer ge",General applicants,LinkedIn application portal,None,0,No,Real,"Sourced from Kaggle LinkedIn Job Postings dataset (arshkon, 2023-2024)",2026-09-23,kaggle_linkedin_job_postings.csv
56,LinkedIn (Kaggle dataset),McLaren Health Care,Medical Assistant - Neurology,McLaren Health Care,Full-time,N/A,Not specified,"$2,000 Sign-On Bonus for eligible new hires

$18.41/hour starting wage for non-certified Medical Assistants

$19.43/hour starting wage for Medical Assistants Certified through AAMA or AMT

Under gener",General applicants,LinkedIn application portal,None,0,No,Real,"Sourced from Kaggle LinkedIn Job Postings dataset (arshkon, 2023-2024)",2026-09-23,kaggle_linkedin_job_postings.csv
57,LinkedIn (Kaggle dataset),Agemark Senior Living,Front Desk-Part Time,Agemark Senior Living,Part-time,N/A,Not specified,"Sage Mountain in Thousand Oaks, CA, an Agemark Senior Living Community is hiring for a Front Desk Part-Time position! For the SIX consecutive year, we are certified #17 in Fortune Best Workplaces for ",General applicants,LinkedIn application portal,None,0,No,Real,"Sourced from Kaggle LinkedIn Job Postings dataset (arshkon, 2023-2024)",2026-09-23,kaggle_linkedin_job_postings.csv
58,LinkedIn (Kaggle dataset),QinetiQ US,Executive Assistant (EA) (TS/SCI) DODF3,QinetiQ US,Full-time,N/A,Not specified,"We are a world-class team of professionals who deliver next generation technology and products in robotic and autonomous platforms, ground, soldier, and maritime systems in 50+ locations world-wide. M",General applicants,LinkedIn application portal,None,0,No,Real,"Sourced from Kaggle LinkedIn Job Postings dataset (arshkon, 2023-2024)",2026-09-23,kaggle_linkedin_job_postings.csv
59,LinkedIn (Kaggle dataset),NYS Office of Information Technology Services,"Student Assistant Internship (Workplace Services), Ref #7553",NYS Office of Information Technology Services,Full-time,N/A,21.0 - 24.0,"Minimum Qualifications

 Must be a US citizen or foreign national eligible to work in the United States Must be 18 years of age or older Must be currently attending a New York State college, universit",General applicants,LinkedIn application portal,None,0,No,Real,"Sourced from Kaggle LinkedIn Job Postings dataset (arshkon, 2023-2024)",2026-09-23,kaggle_linkedin_job_postings.csv
60,LinkedIn (Kaggle dataset),New York State Department of Health,"Senior Attorney / Assistant Attorney 1,2, and 3 Traineeships/ NY HELPS",New York State Department of Health,Full-time,N/A,65001.0 - 117875.0,"Minimum Qualifications

 Minimum Qualifications 

Transfers: One year of permanent competitive or 55b/c service in this title or in a title eligible for 70.1 or 52.6 transfer.

Open to the Public: Thi",General applicants,LinkedIn application portal,None,0,No,Real,"Sourced from Kaggle LinkedIn Job Postings dataset (arshkon, 2023-2024)",2026-09-23,kaggle_linkedin_job_postings.csv
61,LinkedIn (Kaggle dataset),Talentify.io,Senior Product Owner (Remote),Talentify.io,Full-time,N/A,Not specified,"Employer Industry: Financial Services

Why Consider This Job Opportunity

 Opportunity for career advancement and growth within the organization Competitive salary and benefits package Remote work opp",General applicants,LinkedIn application portal,None,0,No,Real,"Sourced from Kaggle LinkedIn Job Postings dataset (arshkon, 2023-2024)",2026-09-23,kaggle_linkedin_job_postings.csv
62,LinkedIn (Kaggle dataset),A Hiring Company,"Assistant Director, Graduate Admission",A Hiring Company,Full-time,N/A,Not specified,"
Job Description SummaryAs part of a cohesive and collaborative Graduate Admissions team, this position effectively deploys strategies to attract and enroll highly qualified domestic, international an",General applicants,LinkedIn application portal,None,0,No,Real,"Sourced from Kaggle LinkedIn Job Postings dataset (arshkon, 2023-2024)",2026-09-23,kaggle_linkedin_job_postings.csv
63,LinkedIn (Kaggle dataset),Ochsner Health,Physical Therapist Assistant (Outpatient) - Therapy & Wellness - LaPlace,Ochsner Health,Full-time,N/A,Not specified,"We've made a lot of progress since opening the doors in 1942, but one thing has never changed - our commitment to serve, heal, lead, educate, and innovate. We believe that every award earned, every re",General applicants,LinkedIn application portal,None,0,No,Real,"Sourced from Kaggle LinkedIn Job Postings dataset (arshkon, 2023-2024)",2026-09-23,kaggle_linkedin_job_postings.csv
64,LinkedIn (Kaggle dataset),Liberty Healthcare and Rehabilitation Services,CERTIFIED NURSING ASSISTANT - SOUTHWOOD,Liberty Healthcare and Rehabilitation Services,Full-time,N/A,Not specified,"
Liberty Cares
With Compassion
At Liberty Healthcare and Rehabilitation Services, we promote a challenging, but rewarding opportunity in a caring environment. 
We are currently seeking an experienced:",General applicants,LinkedIn application portal,None,0,No,Real,"Sourced from Kaggle LinkedIn Job Postings dataset (arshkon, 2023-2024)",2026-09-23,kaggle_linkedin_job_postings.csv
65,LinkedIn (Kaggle dataset),Liberty Healthcare and Rehabilitation Services,CERTIFIED NURSING ASSISTANT - MARY GRAN,Liberty Healthcare and Rehabilitation Services,Full-time,N/A,Not specified,"
Liberty Cares
With Compassion
At Liberty Healthcare and Rehabilitation Services, we promote a challenging, but rewarding opportunity in a caring environment. 
We are currently seeking an experienced:",General applicants,LinkedIn application portal,None,0,No,Real,"Sourced from Kaggle LinkedIn Job Postings dataset (arshkon, 2023-2024)",2026-09-23,kaggle_linkedin_job_postings.csv
66,LinkedIn (Kaggle dataset),N/A,Personal Assistant,N/A,Part-time,N/A,Not specified,"Company DescriptionJAMES THOMAS & SON IMPORTS LTD, we have over 10 years of experience in the Customs Broker industry. Our team of experts is highly knowledgeable and dedicated to providing exceptiona",General applicants,LinkedIn application portal,None,0,No,Real,"Sourced from Kaggle LinkedIn Job Postings dataset (arshkon, 2023-2024)",2026-09-23,kaggle_linkedin_job_postings.csv
67,LinkedIn (Kaggle dataset),MercyOne,Lab Assistant Pleasant Hill Clinic,MercyOne,Full-time,N/A,Not specified,"Employment Type

Full time

Shift

Description:

Perform lab-testing services to patients of a variety of ages in a defined outpatient clinic setting.

Responsibilities

Follows established procedures",General applicants,LinkedIn application portal,None,0,No,Real,"Sourced from Kaggle LinkedIn Job Postings dataset (arshkon, 2023-2024)",2026-09-23,kaggle_linkedin_job_postings.csv
68,LinkedIn (Kaggle dataset),Sharp HealthCare,Nursing Assistant- Float Pool-Sharp Memorial Hospital-Night Shift-Part time,Sharp HealthCare,Part-time,N/A,Not specified,"Hours

Shift Start Time:

7 PM

Shift End Time:

7:30 AM

Additional Shift Information:

Weekend Requirements:

As Needed

On-Call Required:

No

Hourly Pay Range (Minimum - Midpoint - Maximum):

$20.",General applicants,LinkedIn application portal,None,0,No,Real,"Sourced from Kaggle LinkedIn Job Postings dataset (arshkon, 2023-2024)",2026-09-23,kaggle_linkedin_job_postings.csv
69,LinkedIn (Kaggle dataset),Whole Foods Market,In-Store Shopper - Part Time,Whole Foods Market,Part-time,N/A,Not specified,"At Whole Foods Market, we’re committed to providing record-setting grocery delivery services to our Prime Now customers. This is a fast-growing program and candidates who are passionate about our qual",General applicants,LinkedIn application portal,None,0,No,Real,"Sourced from Kaggle LinkedIn Job Postings dataset (arshkon, 2023-2024)",2026-09-23,kaggle_linkedin_job_postings.csv
70,LinkedIn (Kaggle dataset),Notre Dame Health Care Center Inc.,CNA - Full and Part Time Openings,Notre Dame Health Care Center Inc.,Full-time,N/A,Not specified,"Description:Certified Nurse Assistants (C.N.A.)Full & Part-Time OpeningsStudent Loan Repayment and Tuition Reimbursement up to $5,250 /year; federal tax-exemptNon-Profit FacilityNew Wage ScaleExcellen",General applicants,LinkedIn application portal,None,0,No,Real,"Sourced from Kaggle LinkedIn Job Postings dataset (arshkon, 2023-2024)",2026-09-23,kaggle_linkedin_job_postings.csv
71,LinkedIn (Kaggle dataset),Life Care Centers of America,"Certified Nursing Assistant (CNA) $2,000 Sign-on Bonus",Life Care Centers of America,Full-time,N/A,Not specified,"Position Details

Shift: 7 a.m. - 3 p.m. Status: Full-Time

Live the Mission

$2,000 Sign On Bonus

Come and grow with us! We are affiliated with Life Care Centers of America, which is a privately own",General applicants,LinkedIn application portal,None,0,No,Real,"Sourced from Kaggle LinkedIn Job Postings dataset (arshkon, 2023-2024)",2026-09-23,kaggle_linkedin_job_postings.csv
72,LinkedIn (Kaggle dataset),"Lowe's Companies, Inc.",Warehouse Part Time Overnight,"Lowe's Companies, Inc.",Part-time,N/A,14.35 - 14.6,"Life. Career. Build it Together Here.

At Lowe’s, we’ve always been more than a home improvement store. For thousands of Lowe’s associates, we’re the beginning of all types of careers that help improv",General applicants,LinkedIn application portal,None,0,No,Real,"Sourced from Kaggle LinkedIn Job Postings dataset (arshkon, 2023-2024)",2026-09-23,kaggle_linkedin_job_postings.csv
73,LinkedIn (Kaggle dataset),Floor & Decor,Assistant Department Manager (Wood),Floor & Decor,Full-time,N/A,Not specified,"Purpose

This position is responsible for training and developing Product Sales Specialists and ensuring that customers have a positive shopping experience by receiving exceptional customer service an",General applicants,LinkedIn application portal,None,0,No,Real,"Sourced from Kaggle LinkedIn Job Postings dataset (arshkon, 2023-2024)",2026-09-23,kaggle_linkedin_job_postings.csv
74,LinkedIn (Kaggle dataset),Merrick & Company,Assistant Project Manager,Merrick & Company,Full-time,N/A,100000.0 - 125000.0,"Overview

The Assistant Project Manager must be capable of assisting with directing and managing a team of engineers & technicians on Land Development projects. This position requires the ability to p",General applicants,LinkedIn application portal,None,0,No,Real,"Sourced from Kaggle LinkedIn Job Postings dataset (arshkon, 2023-2024)",2026-09-23,kaggle_linkedin_job_postings.csv
75,LinkedIn (Kaggle dataset),Brand Building Agency,Event Assistant,Brand Building Agency,Full-time,N/A,Not specified,"Job Title: Promotional Event AssistantCompany: BBA Philly - Brand Building AgencyLocation: Philadelphia, PAJob Type: Full-Time (on-site only)
About Us:Welcome to The Brand Building Agency (BBA Philly)",General applicants,LinkedIn application portal,None,0,No,Real,"Sourced from Kaggle LinkedIn Job Postings dataset (arshkon, 2023-2024)",2026-09-23,kaggle_linkedin_job_postings.csv
76,LinkedIn (Kaggle dataset),QinetiQ US,Executive Assistant (EA) (TS/SCI) DODF4,QinetiQ US,Full-time,N/A,Not specified,"We are a world-class team of professionals who deliver next generation technology and products in robotic and autonomous platforms, ground, soldier, and maritime systems in 50+ locations world-wide. M",General applicants,LinkedIn application portal,None,0,No,Real,"Sourced from Kaggle LinkedIn Job Postings dataset (arshkon, 2023-2024)",2026-09-23,kaggle_linkedin_job_postings.csv
77,LinkedIn (Kaggle dataset),Five Below,Sales Lead Part Time,Five Below,Part-time,N/A,Not specified,"At Five Below our growth is a result of the people who embrace our purpose: We know life is way better when you are free to Let Go & Have Fun in an amazing experience, filled with unlimited possibilit",General applicants,LinkedIn application portal,None,0,No,Real,"Sourced from Kaggle LinkedIn Job Postings dataset (arshkon, 2023-2024)",2026-09-23,kaggle_linkedin_job_postings.csv
78,LinkedIn (Kaggle dataset),RightWorks,Legal Administrative Assistant - Litigation - 1927959,RightWorks,Full-time,N/A,Not specified,"Our client on Long Island is seeking a Litigation Legal Assistant with 5+ years of law firm experience.

Hybrid Hours:  Monday-Friday, 9am-5pm Minimum 3 days a week in office 2 days a week remotely

R",General applicants,LinkedIn application portal,None,0,No,Real,"Sourced from Kaggle LinkedIn Job Postings dataset (arshkon, 2023-2024)",2026-09-23,kaggle_linkedin_job_postings.csv
79,LinkedIn (Kaggle dataset),HeartShare Human Services of New York,Assistant Residence Manager,HeartShare Human Services of New York,Full-time,N/A,Not specified,"Job Details

Job Location

Midwood Residence, 1314 E. 29th St, Brooklyn, NY, 11210 - Brooklyn, NY

Position Type

Full-Time

Education Level

High School Diploma or Equivalent

Salary Range

$44,000.0",General applicants,LinkedIn application portal,None,0,No,Real,"Sourced from Kaggle LinkedIn Job Postings dataset (arshkon, 2023-2024)",2026-09-23,kaggle_linkedin_job_postings.csv
80,LinkedIn (Kaggle dataset),AbbVie,Senior Statistical Analyst (Remote),AbbVie,Full-time,N/A,Not specified,"Company Description

AbbVie's mission is to discover and deliver innovative medicines and solutions that solve serious health issues today and address the medical challenges of tomorrow. We strive to ",General applicants,LinkedIn application portal,None,0,No,Real,"Sourced from Kaggle LinkedIn Job Postings dataset (arshkon, 2023-2024)",2026-09-23,kaggle_linkedin_job_postings.csv
